Questions,Category
Could you provide a list of upcoming events?,Events
What events are scheduled for this week?,Events
Can you show me a calendar of events?,Events
Are there any interesting events happening soon?,Events
Please list the events happening in the next month.,Events
What are the major events in the area?,Events
Is there an event schedule available?,Events
Could you share details on the upcoming events?,Events
What events can I attend in the near future?,Events
Please inform me about the events taking place.,Events
Are there any special events planned?,Events
Can you give me information on local events?,Events
What's happening in terms of events around here?,Events
Please update me on the events calendar.,Events
Could you direct me to a list of events?,Events
Where can I find information on upcoming events?,Events
Tell me about the events I can participate in.,Events
What events should I be aware of?,Events
Please provide details on the events coming up.,Events
Is there a guide to local events available?,Events
Can you recommend any upcoming events?,Events
What's on the schedule for this month?,Events
Share information on the current event lineup.,Events
Please list the events scheduled for this season.,Events
What events are on the horizon?,Events
Could you give me a rundown of the events?,Events
Could you provide a list of upcoming events?,Events
What events are scheduled for this week?,Events
Can you show me a calendar of events?,Events
Are there any interesting events happening soon?,Events
Please list the events happening in the next month.,Events
What are the major events in the area?,Events
Is there an event schedule available?,Events
Could you share details on the upcoming events?,Events
"Share the details of the upcoming events, please.",Events
What's the scoop on the upcoming events?,Events
Please give me an overview of upcoming events.,Events
Can you highlight the key events on the calendar?,Events
What events are on the schedule for the next few weeks?,Events
Where can I get information on events in the area?,Events
Tell me about any exciting events on the horizon.,Events
Provide me with a list of events I can attend.,Events
What events are planned for the upcoming days?,Events
Could you share details about the local event scene?,Events
What's the agenda for upcoming community events?,Events
Can you give me information on events taking place nearby?,Events
Where can I find a comprehensive events list?,Events
Tell me about the events lined up for the future.,Events
What events are worth checking out?,Events
Please enlighten me on the events calendar.,Events
Could you direct me to a source for upcoming events?,Events
What events are happening in the coming weeks?,Events
Share information on noteworthy upcoming events.,Events
Can you recommend any must-attend events?,Events
Provide me with a calendar of upcoming events.,Events
What's on the schedule for the next month in terms of events?,Events
Please list the noteworthy events on the horizon.,Events
Where can I find details on the upcoming events?,Events
What events should I mark on my calendar?,Events
Can you provide a list of Christmas songs?,Songs
What are some popular Christmas songs?,Songs
Show me a compilation of Christmas music.,Songs
Could you share a selection of festive songs?,Songs
Please list some classic Christmas tunes.,Songs
What Christmas songs are trending?,Songs
Can you recommend some holiday music?,Songs
Show me a collection of Christmas carols.,Songs
Could you suggest festive songs for the season?,Songs
Please display a playlist of Christmas songs.,Songs
What are some timeless Christmas classics?,Songs
Can you share a variety of Christmas tunes?,Songs
Show me a mix of traditional Christmas songs.,Songs
Could you recommend joyful Christmas music?,Songs
Please list popular Christmas carols.,Songs
What are the best Christmas songs to listen to?,Songs
Can you provide a festive music playlist?,Songs
Show me a selection of holiday songs.,Songs
Could you suggest some upbeat Christmas tunes?,Songs
Please display a compilation of Christmas carols.,Songs
What are some merry Christmas songs?,Songs
Can you recommend festive tunes for the holidays?,Songs
Show me a diverse list of Christmas music.,Songs
Could you share a playlist of joyful Christmas songs?,Songs
Please list some heartwarming Christmas tunes.,Songs
What Christmas songs are currently popular?,Songs
Can you provide a mix of classic and modern Christmas music?,Songs
Show me a collection of feel-good Christmas songs.,Songs
Could you suggest some cheerful holiday tunes?,Songs
Please display a variety of Christmas carols.,Songs
What are some must-listen Christmas songs?,Songs
Can you recommend songs that capture the holiday spirit?,Songs
Show me a compilation of Christmas classics.,Songs
Could you share a festive music playlist?,Songs
Please list some jolly Christmas tunes.,Songs
What are the top Christmas songs of all time?,Songs
Can you provide a mix of traditional and contemporary Christmas music?,Songs
Show me a collection of heartwarming Christmas songs.,Songs
Could you suggest some festive tunes for the season?,Songs
Please display a playlist of classic Christmas carols.,Songs
What are some popular Christmas songs for this year?,Songs
Can you recommend joyful and upbeat Christmas music?,Songs
Show me a compilation of timeless Christmas classics.,Songs
Could you share a playlist of Christmas carols and hymns?,Songs
Please list some festive holiday tunes.,Songs
What are the most iconic Christmas songs?,Songs
Can you provide a mix of classic and new Christmas music?,Songs
Show me a collection of cheerful Christmas songs.,Songs
Could you suggest some feel-good holiday tunes?,Songs
Please display a playlist of popular Christmas carols.,Songs
What are some Christmas songs that evoke nostalgia?,Songs
Can you recommend joyful and festive Christmas music?,Songs
Show me a compilation of heartwarming holiday tunes.,Songs
Could you share a playlist of Christmas classics and favorites?,Songs
Please list some timeless Christmas carols.,Songs
What are the best Christmas songs to get into the holiday spirit?,Songs
Can you provide a mix of traditional and modern Christmas music?,Songs
Show me a collection of festive and upbeat Christmas songs.,Songs
Could you suggest some merry and jolly holiday tunes?,Songs
Please display a playlist of popular and well-loved Christmas carols.,Songs
What era is the song from year 1950 classified as?,SongsEra
What kind of era is the song that was released in year 1920 in?,SongsEra
In what era is the christmas song from year 1940 in?,SongsEra
Which era is the song from 1920 belongs to?,SongsEra
A song from 1965 is from which era?,SongsEra
The era of the song from 1955 is?,SongsEra
Tell me the era of the song from year 2020,SongsEra
Can you predict the era of a song that is from year 1970?,SongsEra
Can you tell me more about the history of Christmas?,History
What is Christmas?,History
What is the history behind Christmas?,History
What are the historical origins of Christmas celebrations?,History
"How did Christmas traditions, like decorating trees or giving gifts, start?",History
Are there significant historical figures or events associated with the modern celebration of Christmas?,History
How has the way people celebrated Christmas changed throughout history?,History
When and how did Christmas become a widely recognized holiday globally?,History
What are some ancient or historical customs that have influenced modern Christmas traditions?,History
Are there any cultural or religious variations in the historical observance of Christmas?,History
"How did Christmas become associated with certain symbols, like Santa Claus or the Nativity scene?",History
Have there been any historical controversies or debates surrounding the celebration of Christmas?,History
What role did different cultures or regions play in shaping the history of Christmas celebrations?,History
How has the commercialization of Christmas evolved over time?,History
Are there any historical connections between Christmas and other holidays or celebrations?,History
What historical events or stories have contributed to the folklore or mythology surrounding Christmas?,History
"How have historical events, such as wars or societal changes, impacted Christmas traditions?",History
Are there any lesser-known historical facts or anecdotes related to Christmas that are particularly interesting?,History
"How did the celebration of Christmas differ in various historical periods, such as medieval times or the Victorian era?",History
What role did religious institutions or leaders play in shaping the history of Christmas celebrations?,History
Are there any historical controversies or debates surrounding the date of Jesus Christ's birth and its association with December 25th?,History
How did Christmas celebrations vary across different continents and cultures historically?,History
What are the origins and historical significance of the Twelve Days of Christmas?,History
"How have historical events, such as the Reformation or colonization, influenced Christmas traditions?",History
"Were there any historical bans or restrictions on Christmas celebrations, and if so, what were the reasons behind them?",History
How did the industrial revolution or technological advancements impact the way Christmas was celebrated historically?,History
What historical connections exist between pagan festivals or winter solstice celebrations and the modern Christmas holiday?,History
How did immigration and cultural exchanges contribute to the evolution of Christmas traditions in different regions?,History
Have there been any significant historical figures who played a pivotal role in shaping Christmas celebrations?,History
What were some early forms of Christmas entertainment or rituals that have evolved over time?,History
"How did Christmas become a federal holiday in various countries, and what historical events led to its official recognition?",History
Are there any historical artifacts or documents that provide insights into early Christmas celebrations?,History
"How has the portrayal of Santa Claus or Father Christmas evolved historically, both in legend and in popular culture?",History
What historical role did literature or famous authors play in shaping the modern perception of Christmas?,History
How did Christmas celebrations change during periods of social or political upheaval throughout history?,History
What were some early Christmas traditions that have faded or evolved over time?,History
How did the introduction of Christianity influence existing winter celebrations in different parts of the world?,History
Are there any historical connections between Christmas and ancient mythologies or folklore?,History
What historical evidence exists for the earliest recorded Christmas celebrations?,History
How did different historical eras influence the depiction and symbolism of the Nativity scene?,History
What historical events or movements contributed to the revival or reformation of Christmas traditions?,History
"How did the establishment of certain charitable traditions, like Christmas giving, originate historically?",History
Were there any historical movements or individuals who tried to reform or abolish certain Christmas traditions?,History
What role did royalty or nobility historically play in shaping Christmas celebrations?,History
How has the portrayal of Christmas in art and music evolved throughout history?,History
What were some popular historical Christmas foods or feasts and how have they changed over time?,History
How did the Victorian era contribute to the popularization of specific Christmas customs and traditions?,History
"What historical significance does mistletoe, holly, or other Christmas flora hold in various cultures or time periods?",History
How did different historical periods or regions influence the evolution of Christmas music and carols?,History
What were some notable historical events or stories that have become part of Christmas folklore or legends?,History
How did the establishment of Christmas as a holiday differ between countries or regions historically?,History
What role did early explorers or travelers play in spreading Christmas traditions across different continents?,History
How did wars or conflicts impact the way Christmas was celebrated throughout history?,History
Are there any historical connections between Christmas and ancient solstice rituals or festivals?,History
How did the industrialization of society impact the commercial aspects of Christmas historically?,History
"What historical figures, other than religious ones, have become associated with Christmas celebrations?",History
How have historical advancements in transportation or communication affected the way Christmas is celebrated globally?,History
Were there any notable historical figures or movements that promoted the secularization or religious aspects of Christmas?,History
"What were some early forms of Christmas decorations, and how have they evolved over time?",History
How did different religious denominations historically approach the celebration of Christmas?,History
Are there any historical accounts or records that shed light on how children's experiences of Christmas have changed over time?,History
How did historical migration or immigration patterns influence the adaptation of Christmas traditions in various regions?,History
What were some historical Christmas traditions specific to certain occupations or social classes?,History
What's the current temperature in your area?,Weather
How's the weather looking for the rest of the day?,Weather
Is there a significant change in temperature expected in the coming days?,Weather
What's the forecast for the weekend or the upcoming week?,Weather
Are there any weather warnings or alerts in effect?,Weather
How does the current temperature compare to the average for this time of year?,Weather
"Is there a chance of rain, snow, or other precipitation in the forecast?",Weather
What's the humidity level like today?,Weather
Are there any records being set in terms of high or low temperatures?,Weather
How's the wind speed and direction today?,Weather
Will there be any drastic temperature fluctuations throughout the day?,Weather
Is there a particular reason for the recent weather pattern or temperature changes?,Weather
How does the current weather compare to nearby areas or neighboring cities?,Weather
What's the UV index for today?,Weather
"Are there any weather-related phenomena, like fog or frost, expected today?",Weather
How do weather patterns in your area typically change during different seasons?,Weather
What are the typical temperature fluctuations between day and night at this time of year?,Weather
Is there a specific reason behind the unseasonably warm or cold weather lately?,Weather
How does the current weather impact outdoor activities or events in your area?,Weather
Are there any specific weather conditions that might affect travel plans?,Weather
How reliable are long-term weather forecasts for this region?,Weather
Has there been any unusual weather phenomena reported recently?,Weather
Are there any climate trends or patterns emerging in your area over the years?,Weather
What are the effects of the current weather on local agriculture or wildlife?,Weather
How does the weather today compare to historical records for this date?,Weather
Are there any weather-related preparations recommended for the community due to the current conditions?,Weather
How does the weather impact energy consumption or usage in your area?,Weather
What are some local weather-related safety tips or precautions people should take?,Weather
Has there been any noticeable impact of climate change on local weather patterns?,Weather
How do meteorologists predict or analyze the weather in your region?,Weather
How does the weather today compare to historical extremes for this season?,Weather
Are there any particular weather events that tend to occur frequently in your area?,Weather
"How are weather forecasts created, and what factors influence their accuracy?",Weather
What are some historical weather-related events that have significantly impacted your region?,Weather
How does the local geography or topography affect the weather patterns in your area?,Weather
Are there any indigenous or traditional weather prediction methods used in your region?,Weather
How does weather impact wildlife migration or behavior in your area?,Weather
What are the effects of weather on infrastructure and urban planning in your locality?,Weather
How has technology advanced our ability to predict and understand the weather?,Weather
Are there any seasonal climate changes that locals have observed over the years?,Weather
How do weather patterns in your area contribute to the local economy?,Weather
Are there any specific challenges or advantages associated with the local climate?,Weather
What are some historical instances where weather has significantly affected historical events?,Weather
How does weather impact public health concerns or diseases in your region?,Weather
Are there any ongoing climate research or initiatives aimed at understanding local weather patterns better?,Weather
How does the weather impact outdoor sports or recreational activities in your area?,Weather
Are there any specific flora or fauna that thrive or struggle due to local weather patterns?,Weather
How does weather forecasting differ in regions prone to extreme weather events?,Weather
What are some historical weather-related folklore or myths in your area?,Weather
Are there any industries particularly affected by the seasonality of weather in your region?,Weather
How does weather impact water resources and availability in your area?,Weather
What are some strategies or technologies being employed to mitigate weather-related risks in your locality?,Weather
How do climate shifts or weather anomalies impact local ecosystems?,Weather
Are there any unique weather phenomena observed in your region that differ from neighboring areas?,Weather
How have weather patterns influenced the architectural styles or construction methods in your area?,Weather
What are some historical records or documents that provide insights into past weather patterns?,Weather
How does weather impact transportation systems and logistics in your region?,Weather
Are there any seasonal events or festivals in your area that are tied to weather patterns?,Weather
How does weather affect the mental health or well-being of people in your community?,Weather
What are some initiatives or educational programs aimed at raising awareness about weather-related issues in your region?,Weather
"""Good morning! How are you doing today?""",Greetings
"""Hey there! Long time no see. How have you been?""",Greetings
"""Hi! Nice to meet you. I'm excited about working together.""",Greetings
"""Hello! How's your day going so far?""",Greetings
"""Hey, what's up? How's everything on your end?""",Greetings
"""Good afternoon! How can I assist you today?""",Greetings
"""Hi, it's great to see you again. How have things been since we last met?""",Greetings
"""Hello, everyone! Welcome to the event. I hope you're all enjoying yourselves.""",Greetings
"""Good evening! I hope you had a fantastic day.""",Greetings
"""Hey, good to see you! How's life treating you lately?""",Greetings
"""Hi there! How can I help you with your inquiry?""",Greetings
"""Greetings! I hope this message finds you well.""",Greetings
"""Good morning, team! Ready for another productive day?""",Greetings
"""Hello! How's your week been so far?""",Greetings
"""Hi, nice to see you. How's everything going in your world?""",Greetings
"""Hey, how's it going? Been up to anything exciting lately?""",Greetings
"""Good day! I trust you're having a wonderful time.""",Greetings
"""Hello, friend! Wishing you a fantastic day ahead.""",Greetings
"""Hi, it's great to connect with you. How's your day shaping up?""",Greetings
"""Greetings and salutations! How's life treating you these days?""",Greetings
"""Hey, good to see you! How've you been keeping yourself busy?""",Greetings
"""Good morning, sunshine! Ready to take on the day?""",Greetings
"""Hello, lovely people! How's everyone doing this fine day?""",Greetings
"""Hi there! Hope your day is as great as you are.""",Greetings
"""Hey, stranger! It's been a while. What's new in your world?""",Greetings
"""Good evening, folks! How's your evening unfolding?""",Greetings
"""Hello, team! Ready to tackle our tasks for the day?""",Greetings
"""Hi, it's a pleasure to meet you. How's your experience been so far?""",Greetings
"""Hey, how have you been? Anything exciting happening lately?""",Greetings
"""Greetings, everyone! How's everyone feeling today?""",Greetings
"""Good morning! Rise and shine, it's a brand-new day!""",Greetings
"""Hello, dear friend! I hope life has been treating you well.""",Greetings
"""Hey there! How's your day treating you so far?""",Greetings
"""Hi, it's great to see you. How's everything in your world?""",Greetings
"""Good day to you! I hope your day is filled with joy.""",Greetings
"""Greetings, my friend! How have you been keeping lately?""",Greetings
"""Hi, how are you? I hope everything's going smoothly for you.""",Greetings
"""Hello, good people! How's everyone doing today?""",Greetings
"""Hey, what's new? How's your week been treating you?""",Greetings
"""Good morning, early bird! Ready to seize the day?""",Greetings
"""Hi, hope you're doing well. Any exciting plans for the weekend?""",Greetings
"""Hello, everyone! How's the day unfolding for you?""",Greetings
"""Hey there, stranger! Long time no see. How've you been?""",Greetings
"""Greetings, good souls! How's life been treating you lately?""",Greetings
"""Hi, it's wonderful to cross paths again. How's everything going?""",Greetings
"""Good morning, beautiful world! How can I brighten your day?""",Greetings
"""Hello, dear colleague! How's your day at work shaping up?""",Greetings
"""Hey, wonderful person! How's life treating you these days?""",Greetings
"""Hi there, how have you been? It's been too long since we caught up!""",Greetings
"""Good day, my friend! How's your day progressing?""",Greetings
"""Greetings, esteemed guests! I hope you're enjoying the event.""",Greetings
"""Hey, how's it going? What's the latest and greatest in your world?""",Greetings
"""Hi, hope your day is as lovely as your smile!""",Greetings
"""Hello, fabulous people! How's everyone feeling today?""",Greetings
"""Good morning, world-changer! Ready to make a difference today?""",Greetings
"""Hi, it's a pleasure to see you again. How have you been keeping?""",Greetings
"""Hello, everyone! How's everyone's energy levels this fine day?""",Greetings
"""Hey, stranger! Long time no chat. What's new in your life?""",Greetings
"""Good day, sunshine! How's the day treating you so far?""",Greetings
"""Greetings, fellow adventurers! How's everyone's journey been?""",Greetings
